ID,Date,Glu_I,Ca_I,Cr_I,Na,K,Cl,CO2,BUN,Cr_Z,Glu_Z,Ca_Z,An,HCT,Hb,Mass,WC,Cul,HB,Plas.mass,Plas.num,Plas.FO
162-83008,2-May-14,14.8,2.4,1064,,,,,,,,,,,,515,312,43.5,95.1,0,0,0
162-83009,2-May-14,11.7,2.4,1776,,,,,,,,,,,,715,302,40,90,0,0,0
162-83011,2-May-14,11.9,,1840,,,,,,,,,,,,555,274,40.2,88.9,0,0,0
162-83015,2-May-14,14,2.2,1194,,,,,,,,,,,,770,323,44.5,98.5,0,0,0
162-83017,2-May-14,13.8,2.3,1307,,,,,,,,,,,,785,295,42,95.4,0,0,0
162-83007,2-May-14,17.5,2.4,1000,,,,,,,,,,,,805,312,43.4,96,0.154,9,1
162-83016,2-May-14,10.8,,955,,,,,,,,,,,,700,299,40.2,90.7,0.007,1,1
162-83030,5-May-14,15.8,2.6,1156,,,,,,,,,,,,705,292,42.4,94,0,0,0
162-83031,5-May-14,13.1,2.5,2307,,,,,,,,,,,,720,305,40,92.3,0,0,0
162-83033,5-May-14,15.1,2.5,1043,,,,,,,,,,,,745,310,43.8,98.7,0,0,0
162-83034,5-May-14,12.7,2.5,895,,,,,,,,,,,,660,322,40.7,93.4,0,0,0
162-83043,5-May-14,16.6,2.4,1963,,,,,,,,,,,,495,300,41.7,95.9,0,0,0
162-83019,5-May-14,12,2.4,1490,,,,,,,,,,,,750,320,43.6,95.5,0.179,1,1
162-83032,5-May-14,13.5,2.6,1307,,,,,,,,,,,,670,300,39.2,89.6,0.091,2,1
162-83046,7-May-14,12.5,2.5,1382,,,,,,,,,,,,660,315,41.8,96.3,0,0,0
162-83047,7-May-14,17.3,2.3,833,,,,,,,,,,,,660,298,40,93.4,0,0,0
UB5,7-May-14,16.3,2.3,3949,,,,,,,,,,,,270,247,41.4,90.8,0,0,0
162-83053,7-May-14,17,2.4,839,,,,,,,,,,,,500,234,39,87.7,0.43,3,1
162-83056,7-May-14,17.7,2.6,1930,,,,,,,,,,,,640,287,41,93.4,0.078,2,1
UB3,7-May-14,1.2,2,6264,,,,,,,,,,,,230,223,38.5,89,0.316,4,1
UB4,7-May-14,3.1,2.1,3029,,,,,,,,,,,,220,310,38.3,86,0.213,4,Y
162-83057,9-May-14,16.3,2.1,4078,,,,,,,,,,,,635,320,47,102.6,0,0,0
UB7,9-May-14,16,2.4,3702,,,,,,,,,,,,440,268,44.4,94.5,0,0,0
162-83058 (UB8),9-May-14,14.1,2.6,1221,,,,,,,,,,,,570,308,38.8,85.6,0.978,15,1
162-83060,9-May-14,19,2.2,3987,,,,,,,,,,,,630,315,42.6,95.3,0.025,1,1
162-83061,9-May-14,13,2.4,1955,,,,,,,,,,,,605,260,40.3,89,0.125,4,1
162-83868,4-May-15,13.8,2.4,847,,,,,,,,,,,,640,308,41,94.6,0,0,0
162-83869,4-May-15,14.8,2.7,1423,,,,,,,,,,,,545,306,39.5,93.5,0,0,0
162-83870,4-May-15,13.7,2.3,721,,,,,,,,,,,,720,320,40.2,94.8,0,0,0
162-83871,4-May-15,14.8,2.5,850,,,,,,,,,,,,675,316,40.9,95,0,0,0
162-83872,4-May-15,16.6,2.1,1695,,,,,,,,,,,,590,318,40.4,96.6,0,0,0
MB3,8-May-15,12.5,2.3,1545,,,,,,,,,,,,685,312,39,91.6,0.1196,2,1
MB2,8-May-15,18.1,2.6,2113,,,,,,,,,,,,610,273,38,87.7,1.3769,13,1
NL-2016-01,29-Apr-16,13.1,2.1,3914,,,,,,,,,,,,385,258,41,90.6,37.3267,113,1
162-87093,3-May-16,12.6,1.9,4450,,,,,,,,,,,,700,318,41.9,95.3,22.255,263,1
162-87094,3-May-16,11.9,2,1684,,,,,,,,,,,,560,294,41.3,94.1,18.1816,57,1
162-87096,5-May-16,16.7,2.6,555,,,,,,,,,,,,625,309,40.7,93.8,19.1714,133,1
162-87097,5-May-16,15.6,2.2,754,,,,,,,,,,,,575,299,41.2,95.4,5.6572,60,1
162-87098,8-May-16,18.2,2.4,521,,,,,,,,,,,,610,300,42.5,95.4,3.4955,43,1
162-83909,9-May-16,16.2,2.2,2450,,,,,,,,,,,,720,312,39,94,3.6024,32,1
NL-2017-12,1-May-17,17,2.4,2010,,,,,,,,,,,,285,256,40,87.8,6.7043,20,1
NL-2017-13,1-May-17,10.9,2.1,3377,,,,,,,,,,,,320,228,35.9,84.8,1.051,11,1
162-83945,3-May-17,15.6,2.2,9913,,,,,,,,,,,,670,290,41.1,94,27.463,116,1
NL-2017-24,4-May-17,12.8,2,11644,,,,,,,,,,,,305,240,40,93.8,3.921,27,1
162-87117,5-May-17,11.1,2.3,94466,,,,,,,,,,,,630,296,38.4,88.2,2.071,45,1
162-87127,6-May-17,13.3,2,28254,,,,,,,,,,,,560,297,41.8,94.8,0.587,16,1
162-87144,9-May-17,11.8,2.2,694,,,,,,,,,,,,685,306,39.2,93.2,0.429,21,1
162-87153,9-May-17,18.2,2.3,2872,,,,,,,,,,,,570,271,36.1,84.6,0.2,25,1
NL-2017-54,9-May-17,11,2.2,3952,,,,,,,,,,,,280,262,39.9,88.7,4.089,45,1
NL-2017-59,9-May-17,4.7,1.9,1033,,,,,,,,,,,,180,225,37.9,86.7,0.993,6,1
NL-2017-60,9-May-17,22.2,2.2,2276,,,,,,,,,,,,180,232,41.2,92.3,1.406,20,1
162-87165,10-May-17,11.9,2.2,1074,,,,,,,,,,,,640,,,,1.553,7,1
162-87176,10-May-17,9.5,2.6,,,,,,,,,,,,,715,,,,2.333,17,1
NL-2017-58,10-May-17,4.2,,957,,,,,,,,,,,,350,252,40.8,93.7,6.034,13,1
BW-2017-31,11-May-17,34.5,2.2,3639,,,,,,,,,,,,315,267,37.8,91.6,1.9335,13,1
NL-2025-05,30-Apr-25,,,,152,5.3,130,18,15,0.2,350,1.3,11,35,11.9,365,245,91.3,39.7,0,0,0
162-89591,30-Apr-25,,,,146,2.7,117,21,<3,<0.2,296,1.37,11,37,12.6,740,288,95.3,41.6,0.0055,1,1
162-89592,30-Apr-25,,,,147,3.2,117,19,<3,<0.2,292,1.28,15,40,13.6,605,300,94.4,41,0.0106,1,1
162-89594,30-Apr-25,,,,148,3.3,113,23,<3,<0.2,275,1.25,17,40,13.6,610,299,92.9,39.8,2.3871,41,1
NL-2025-07,1-May-25,,,,144,3.7,123,20,<3,<0.2,267,1.31,6,36,12.2,305,241,93.2,41.7,16.0053,142,1
162-89595,1-May-25,,,,142,3.7,118,21,<3,<0.2,267,1.22,8,36,12.2,590,271,95.8,41.5,6.4351,88,1
162-89596,1-May-25,,,,144,3.7,123,20,<3,<0.2,267,1.31,6,36,12.2,770,305,92.1,39.6,0.0943,3,1
162-89597,1-May-25,,,,149,3.8,118,23,<3,<0.2,244,1.36,13,45,15.3,725,310,97.3,42.7,0.5545,29,1
162-89598,1-May-25,,,,147,3.4,121,20,<3,<0.2,309,1.3,10,32,10.9,655,281,94.7,41.8,2.2725,24,1
162-89600,1-May-25,,,,144,4.3,118,22,<3,0.4,320,1.42,9,34,11.6,705,278,94.7,41.3,1.8626,22,1
NL-2025-08,1-May-25,,,,147,5,128,23,<3,<0.2,276,1.18,3,31,10.5,300,281,88.3,39.4,0.0306,2,1
162-89521,2-May-25,,,,145,3.6,114,21,<3,<0.2,278,1.29,14,39,13.3,735,300,95.1,40.8,0.0587,2,1
162-89524,2-May-25,,,,146,3.6,120,20,<3,<0.2,301,1.38,11,40,13.6,645,291,90.1,38.4,0,0,0
162-89525,2-May-25,,,,144,3.3,115,21,<3,<0.2,327,1.24,12,37,12.6,565,295,93.5,41.9,2.3727,55,1
162-89527,2-May-25,,,,144,3.5,119,19,<3,<0.2,292,1.34,10,39,13.3,685,306,92.1,40.4,6.2491,118,1
162-89539,3-May-25,,,,145,3.4,118,20,<3,<0.2,300,1.38,11,44,15,620,300,89.4,38.6,0.0257,2,1
162-89545,3-May-25,,,,145,3.3,110,29,<3,<0.2,278,1.11,11,40,13.6,560,285,94.5,41,0,0,0
162-89547,3-May-25,,,,153,3.7,128,18,8,<0.2,344,1.33,12,34,11.6,585,289,90.7,37.1,0.2824,3,1
162-89550,3-May-25,,,,144,2.8,119,17,<3,<0.2,339,1.31,12,35,11.9,615,298,95.3,41.9,1.1676,21,1
380-02002,3-May-25,,,,146,3.8,121,20,<3,<0.2,301,1.29,10,39,13.3,725,307,97.7,41,4.1656,21,1
380-02004,4-May-25,,,,146,3.2,126,18,<3,0.2,268,1.34,6,36,12.2,630,292,89.7,38.3,0.5968,9,1
380-02005,4-May-25,,,,145,3.4,118,20,<3,0.3,262,1.38,11,31,10.5,595,270,91,40.6,0.1378,11,1
380-02006,4-May-25,,,,144,3.7,118,22,<3,<0.2,305,1.26,9,41,13.9,610,300,94.4,42.1,0.0176,2,1
380-02007,4-May-25,,,,145,3.3,118,19,<3,<0.2,314,1.35,12,34,11.6,645,315,94.2,41.6,0,0,0
380-02009,4-May-25,,,,121,4.4,72,45,<3,0.6,276,0.92,10,39,13.3,615,303,94.5,41.8,55.3903,399,1
380-02011,4-May-25,,,,144,4.1,118,21,<3,<0.2,298,1.23,10,37,12.6,690,313,98.8,41.3,0,0,0
380-02012,4-May-25,,,,145,3.9,122,21,<3,<0.2,298,1.17,7,38,12.9,605,318,97.2,42,0,0,0
NL-2025-15,4-May-25,,,,144,6.5,120,23,6,0.4,156,1.26,9,24,8.2,260,246,91.3,39.3,9.5554,62,1
380-02013,5-May-25,,,,142,3.5,117,21,<3,<0.2,276,1.2,9,34,11.6,750,279,97.2,41,17.9183,181,1
380-02015,5-May-25,,,,133,3.2,95,27,<3,0.2,320,1.08,16,37,12.6,610,292,93,39.5,32.1629,174,1
380-02019,5-May-25,,,,140,3.3,100,28,<3,0.2,238,1.17,16,45,15.3,635,284,87.2,37.4,37.3035,350,1
NL-2025-20,5-May-25,,,,151,4.2,124,19,<3,<0.2,197,1.29,13,41,13.9,400,293,91.6,40.5,26.9774,416,1
NL-2025-21,6-May-25,,,,145,3.4,114,20,<3,<0.2,269,1.24,15,36,12.2,660,306,96.9,44.1,36.5284,351,1
NL-2025-22,6-May-25,,,,153,4.2,123,22,<3,<0.2,229,1.43,13,43,14.6,565,309,90.6,39.8,35.0925,179,1
NL-2025-23,6-May-25,,,,155,4.4,129,19,7,0.2,205,1.37,13,37,12.6,535,305,91.7,39.4,24.3019,427,1
NL-2025-24,6-May-25,,,,148,5.1,122,21,<3,<0.2,205,1.28,11,41,13.9,490,297,97.7,43.3,26.7003,516,1
NL-2025-25,6-May-25,,,,145,4.9,116,21,<3,<0.2,187,1.23,13,44,15,535,303,86.1,37.9,42.7896,364,1
NL-2025-26,6-May-25,,,,148,5,120,21,<3,<0.2,201,1.39,13,39,13.3,680,296,98.5,42.1,34.6518,260,1
380-02025,7-May-25,,,,147,3.4,117,20,<3,<0.2,302,1.26,14,40,13.6,535,294,99,44.1,13.9067,130,1
NL-2025-27,7-May-25,,,,149,4.3,123,19,<3,<0.2,257,1.29,12,39,13.3,640,306,95.2,42.8,41.3121,384,1
NL-2025-29,7-May-25,,,,145,4.5,112,26,<3,0.2,269,1.24,13,44,15,355,276,100.7,40.9,0,0,0
380-02032,8-May-25,,,,137,4.5,101,33,<3,0.2,219,1.09,9,50,17,515,302,88.7,38.2,35.1081,248,1
NL-2025-35,8-May-25,,,,146,4.5,124,21,<3,<0.2,217,1.24,6,43,14.6,515,300,97.5,37.9,43.0883,334,1
